label,count,pt,metric_name,group
network,13092,81.4685749844431,accessVector,exploitability
local,2717,16.9072806471686,accessVector,exploitability
adjacent_network,261,1.6241443683883,accessVector,exploitability
medium,7361,45.8058494088363,accessComplexity,exploitability
low,8223,51.1698817672682,accessComplexity,exploitability
high,486,3.02426882389546,accessComplexity,exploitability
none,14571,90.6720597386435,authentication,exploitability
single,1491,9.27815805849409,authentication,exploitability
multiple,8,0.0497822028624767,authentication,exploitability
none,7617,47.3988799004356,confidentialityImpact,impact
complete,1651,10.2738021157436,confidentialityImpact,impact
partial,6802,42.3273179838208,confidentialityImpact,impact
partial,6862,42.7006845052894,integrityImpact,impact
complete,1585,9.86309894212819,integrityImpact,impact
none,7623,47.4362165525825,integrityImpact,impact
none,3807,23.6901057871811,availabilityImpact,impact
complete,2584,16.07965152458,availabilityImpact,impact
partial,9679,60.230242688239,availabilityImpact,impact
